id,group,scope,name,qty,spare,unit,pack,refs,spec,basis,gate,pid,price,url,source,notes,onhand,included
C01,제어·센서,기본,Orange Pi 4 Pro,1,0,개,1,OP1,5V Type-C 입력; RAM/OS 이미지 확정,원본 수량,사양·조달 보류,,,,https://github.com/JTech-CO/Smart-Cart-Wiring/blob/3ac3f1d793caba6494d27df6f0b9ba2eee8606d5/data/BOM.csv,정확한 모델의 국내 출고를 확인하지 못함. 4B·Pi 5로 임의 치환 금지.,0,0
C02,제어·센서,기본,ESP32-DevKitC V4 WROOM-32E,1,1,개,1,U1,정품 38핀 V4; micro-B; USB 급전,원본 수량,사양·조달 보류,,,,https://github.com/JTech-CO/Smart-Cart-Wiring/blob/3ac3f1d793caba6494d27df6f0b9ba2eee8606d5/data/BOM.csv,예비 1개. 30핀 클론/WROVER와 핀맵 다름. 국내 재고 확인 전 보류.,0,0
C03,제어·센서,기본,외부 전원 USB 허브,1,0,개,1,H1,독립 5V 입력; downstream 4포트 이상; upstream 역급전 차단,원본 수량,사양·조달 보류,,,,https://github.com/JTech-CO/Smart-Cart-Wiring/blob/3ac3f1d793caba6494d27df6f0b9ba2eee8606d5/data/BOM.csv,"ESP32, C1, UWB L/R로 4포트 사용. 포트별 전류·기동 부하 확인.",0,0
C04,제어·센서,기본,RPLIDAR C1 센서,1,0,개,1,LD1,SLAMTEC C1 정품,원본 수량,국내출고·동봉 확인,P04,112500,https://eduino.kr/product/detail.html?product_no=9805,https://github.com/JTech-CO/Smart-Cart-Wiring/blob/3ac3f1d793caba6494d27df6f0b9ba2eee8606d5/data/BOM.csv,센서 1개. 어댑터·케이블 포함 키트면 C05/H04/H05에서 동봉 수량을 차감.,0,0
C05,제어·센서,기본,C1 전용 USB-UART 어댑터,1,0,개,1,A1,C1 통신 속도와 커넥터 대응 정품,원본 수량,동봉·조달 보류,,,,https://github.com/JTech-CO/Smart-Cart-Wiring/blob/3ac3f1d793caba6494d27df6f0b9ba2eee8606d5/data/BOM.csv,C04 번들 포함 시 별도 구매 0. 일반 USB-TTL로 무검증 대체 금지.,0,0
C06,제어·센서,기본,BU04-Kit 카트 베이스,2,0,개,1,"UWL,UWR",좌/우 각 1; 거리 데이터 USB Type-C,원본 수량,사양·조달 보류,,,,https://github.com/JTech-CO/Smart-Cart-Wiring/blob/3ac3f1d793caba6494d27df6f0b9ba2eee8606d5/data/BOM.csv,국내 재고 미확인. bare BU04·Follow Package와 동일 제품으로 간주하지 않음.,0,0
C07,제어·센서,기본,호환 UWB 사용자 태그,1,0,개,1,TAG1,C06과 펌웨어/역할/ID 호환; 독립 급전,원본 수량,사양·조달 보류,,,,https://github.com/JTech-CO/Smart-Cart-Wiring/blob/3ac3f1d793caba6494d27df6f0b9ba2eee8606d5/data/BOM.csv,베이스 2 + 태그 1 = 무선 역할 3개. 태그 포함 세트를 샀다면 동봉 차감.,0,0
C08,제어·센서,기본,BNO085 IMU 브레이크아웃,1,0,개,1,IMU1,Adafruit #4754; SPI; P0/P1 HIGH,원본 수량,국내재고 재확인,P01,53800,https://robotscience.kr/goods/view?no=15723,https://github.com/JTech-CO/Smart-Cart-Wiring/blob/3ac3f1d793caba6494d27df6f0b9ba2eee8606d5/data/BOM.csv,같은 BNO085여도 다른 보드와 핀 배치/전압이 다름. 기본 예비 없음.,0,0
C09,제어·센서,기본,VL53L1X ToF 브레이크아웃,2,1,개,1,TOF1,Pololu #3415; 하향 좌/우,3D 2개 / Wiring 1개 → 통합 2개,회로보완 후 발주,P02,41300,https://robotscience.kr/goods/view?no=19458,https://github.com/JTech-CO/Smart-Cart-Wiring/blob/3ac3f1d793caba6494d27df6f0b9ba2eee8606d5/data/BOM.csv,필요 2 + 예비 1 = 3. B1 회로는 1개만 지원; C10/C11 또는 XSHUT 설계 필요.,0,0
C10,제어·센서,ToF보완,I2C 멀티플렉서,1,0,개,1,,Adafruit PCA9548 #5626; 3.3V 센서 분리,신규 보완 제안,설계변경 후 발주,P03,16700,https://robotscience.kr/goods/view?no=20126,https://github.com/JTech-CO/Smart-Cart-Wiring/blob/3ac3f1d793caba6494d27df6f0b9ba2eee8606d5/docs/ASSEMBLY-KR.md,원본 부품 아님. 동일 주소 ToF 두 개를 채널 분리하는 제안. XSHUT 방식 선택 시 이 행과 C11 선택을 0으로 변경.,0,0
C11,제어·센서,ToF보완,JST-SH 1.0mm 4핀 분기 하네스,2,1,개,1,,PCA9548 하위 포트 → Pololu 헤더; 실제 핀 순서,C10 신규 설계 2분기,사양·조달 보류,,,,https://github.com/JTech-CO/Smart-Cart-Wiring/blob/3ac3f1d793caba6494d27df6f0b9ba2eee8606d5/docs/ASSEMBLY-KR.md,조립품/피그테일 + 적합 헤더로 2분기. 양끝 SH인 케이블만 사면 Pololu 헤더에 직접 연결 안 됨.,0,0
C12,제어·센서,기본,microSD 저장장치,1,1,개,1,,64GB 제안; Orange Pi 이미지와 부팅 호환,운용 보완 제안,사양·조달 보류,,,,https://github.com/JTech-CO/Smart-Cart-Wiring/blob/3ac3f1d793caba6494d27df6f0b9ba2eee8606d5/docs/ASSEMBLY-KR.md,용량은 제안값. 예비 OS 복제 카드 1. 정품 국내 재고/내구성 확인.,0,0
C13,제어·센서,기본,SBC 방열·냉각 세트,1,0,세트,1,,Orange Pi 4 Pro 치수/팬 전압 일치,3D 방열판 / 운용 보완,사양·조달 보류,,,,https://github.com/JTech-CO/Smart-Cart-Wiring/blob/3ac3f1d793caba6494d27df6f0b9ba2eee8606d5/docs/ASSEMBLY-KR.md,팬·방열판·패드·체결물의 동봉 범위 확인. 유사 보드용 케이스 금지.,0,0
C14,제어·센서,기본,사용자 태그 독립 전원,1,0,세트,1,,보호회로 포함; 태그 전압과 저부하 유지 대응,TAG1 독립전원 요구,사양·조달 보류,,,,https://github.com/JTech-CO/Smart-Cart-Wiring/blob/3ac3f1d793caba6494d27df6f0b9ba2eee8606d5/docs/ASSEMBLY-KR.md,태그 내장 배터리 포함 시 구매 차감. 전원 자동꺼짐 및 충전 방식 확인.,0,0
E01,전원·보호,기본,LiFePO4 배터리 팩,1,0,개,1,BT1,24V class / 108Ah 목표; BMS 포함,원본 수량,사양·조달 보류,,,,https://github.com/JTech-CO/Smart-Cart-Wiring/blob/3ac3f1d793caba6494d27df6f0b9ba2eee8606d5/data/BOM.csv,실모델/셀 직렬 수/완충 전압/허용 전류 미확정. 25.2V 리튬이온 108Ah는 대체품 아님.,0,0
E02,전원·보호,기본,배터리 지정 충전기,1,0,개,1,,E01 제조사 승인 CC/CV 충전기,누락 보완,사양·조달 보류,,,,https://github.com/JTech-CO/Smart-Cart-Wiring/blob/3ac3f1d793caba6494d27df6f0b9ba2eee8606d5/docs/ASSEMBLY-KR.md,배터리와 세트 제공 시 차감. 전압·충전 전류·역극성 보호·AC 전원선 확인.,0,0
E03,전원·보호,기본,메인 DC 차단 스위치,1,0,개,1,S0,완충 전압·연속전류·DC 부하 차단능력 검증,원본 수량,사양·조달 보류,,,,https://github.com/JTech-CO/Smart-Cart-Wiring/blob/3ac3f1d793caba6494d27df6f0b9ba2eee8606d5/data/BOM.csv,AC 정격을 DC 부하 차단 정격으로 대체하지 않음.,0,0
E04,전원·보호,기본,절연 커버 양극 전원 버스,1,0,개,1,X24,최소 4회로; 주전류 정격 확보,원본 수량,사양·조달 보류,,,,https://github.com/JTech-CO/Smart-Cart-Wiring/blob/3ac3f1d793caba6494d27df6f0b9ba2eee8606d5/data/BOM.csv,배터리/접촉기/DC1/DC2. 커버와 접속 볼트 포함 여부 확인.,0,0
E05,전원·보호,기본,절연 커버 공통 음극 버스,1,0,개,1,X0,B1 최소 12단자; 귀환 총전류 정격 확보,원본 수량,사양·조달 보류,,,,https://github.com/JTech-CO/Smart-Cart-Wiring/blob/3ac3f1d793caba6494d27df6f0b9ba2eee8606d5/data/BOM.csv,각 전력 귀환 분리. 여러 링 단자를 한 볼트에 무제한 적층하지 않음.,0,0
E06,전원·보호,기본,DC 접촉기 + NO 보조접점,1,0,세트,1,K1,12V 코일; 주접점 DC정격; 별도 NO 13-14,원본 수량,사양·조달 보류,,,,https://github.com/JTech-CO/Smart-Cart-Wiring/blob/3ac3f1d793caba6494d27df6f0b9ba2eee8606d5/data/BOM.csv,세트에 보조접점 미포함이면 별도 부품 필요. 12V 컨버터는 기본 구성에서도 코일을 공급.,0,0
E07,전원·보호,기본,접촉기 코일 서지 억제기,1,0,개,1,Z1,E06 제조사 지정; 해제시간 검증,원본 수량,사양·조달 보류,,,,https://github.com/JTech-CO/Smart-Cart-Wiring/blob/3ac3f1d793caba6494d27df6f0b9ba2eee8606d5/data/BOM.csv,내장 억제기 포함이면 차감. 임의 플라이백 다이오드로 대체하지 않음.,0,0
E08,전원·보호,기본,래칭 NC 비상정지 버튼,1,0,개,1,S1,회전 복귀; NC 접점; 설치 홀 확인,원본 수량,사양·조달 보류,,,,https://github.com/JTech-CO/Smart-Cart-Wiring/blob/3ac3f1d793caba6494d27df6f0b9ba2eee8606d5/data/BOM.csv,접점 블록 포함 확인. 이 단일 채널 회로는 안전인증 회로가 아님.,0,0
E09,전원·보호,기본,순간 NO 수동 재무장 버튼,1,0,개,1,S2,모멘터리 NO; 설치 홀 확인,원본 수량,사양·조달 보류,,,,https://github.com/JTech-CO/Smart-Cart-Wiring/blob/3ac3f1d793caba6494d27df6f0b9ba2eee8606d5/data/BOM.csv,버튼 헤드만 판매하는 상품은 접점 블록 별도 계상.,0,0
E10,전원·보호,기본,24V class → 12V DC-DC,1,0,개,1,DC1,12V 20A 목표; 입력 완충/과도전압 허용,원본 수량,사양·조달 보류,,,,https://github.com/JTech-CO/Smart-Cart-Wiring/blob/3ac3f1d793caba6494d27df6f0b9ba2eee8606d5/data/BOM.csv,서보 미사용도 K1 코일 때문에 12V 전원 필요. 용량 축소는 회로 변경 후에만.,0,0
E11,전원·보호,기본,24V class → 5V DC-DC,1,0,개,1,DC2,5V 10A 목표; 연속출력·OVP·단락 보호,원본 수량,사양·조달 보류,,,,https://github.com/JTech-CO/Smart-Cart-Wiring/blob/3ac3f1d793caba6494d27df6f0b9ba2eee8606d5/data/BOM.csv,부하단 5V와 USB 기동 응답/전압강하 검증. 10A 문구만으로 선정하지 않음.,0,0
E12,전원·보호,기본,접촉기 후단 좌/우 분기 접속부,1,0,세트,1,,K1 출력 → F1/F2의 3접속 이상,전력 하네스 보완,사양·조달 보류,,,,https://github.com/JTech-CO/Smart-Cart-Wiring/blob/3ac3f1d793caba6494d27df6f0b9ba2eee8606d5/docs/ASSEMBLY-KR.md,용량 맞는 분배단자/압착분기. K1 스터드 적층 가능 여부에 따라 통합 가능.,0,0
E13,전원·보호,기본,12V 출력 분배부,1,0,세트,1,,DC1 → F9 및 옵션 F5/F6; 절연커버,전력 하네스 보완,사양·조달 보류,,,,https://github.com/JTech-CO/Smart-Cart-Wiring/blob/3ac3f1d793caba6494d27df6f0b9ba2eee8606d5/docs/ASSEMBLY-KR.md,다중 분기 배선 구현용. 컨버터 일체형 단자 수가 충분하면 동봉 차감.,0,0
E14,전원·보호,기본,5V 출력 분배부,1,0,세트,1,,DC2 → F7/F8 및 옵션 F10; 전압강하 최소화,전력 하네스 보완,사양·조달 보류,,,,https://github.com/JTech-CO/Smart-Cart-Wiring/blob/3ac3f1d793caba6494d27df6f0b9ba2eee8606d5/docs/ASSEMBLY-KR.md,24V/12V/5V 양극 공통 버스 사용 금지.,0,0
E15,전원·보호,기본,충전 분기 보호장치,,0,세트,1,,충전기/BMS 제조사 설계에 따름,충전 경로 미확정,사양·조달 보류,,,,https://github.com/JTech-CO/Smart-Cart-Wiring/blob/3ac3f1d793caba6494d27df6f0b9ba2eee8606d5/docs/ASSEMBLY-KR.md,일체형 팩 내부 보호로 충족되는지 확인. 필요 여부·정격 미정으로 0개 처리하지 않음.,0,0
F01,퓨즈·홀더,기본,메인 퓨즈,1,1,개,1,F0,60A * / 형식·차단용량 미확정,원본 수량,사양·조달 보류,,,,https://github.com/JTech-CO/Smart-Cart-Wiring/blob/3ac3f1d793caba6494d27df6f0b9ba2eee8606d5/data/BOM.csv,* 원본 검토값이며 발주 승인값 아님. 정격 확정 후 장착분과 동일 수량의 교체 예비 확보.,0,0
F02,퓨즈·홀더,기본,모터 입력 분기 퓨즈,2,2,개,1,"F1,F2",25A * / 좌우 각 1,원본 수량,사양·조달 보류,,,,https://github.com/JTech-CO/Smart-Cart-Wiring/blob/3ac3f1d793caba6494d27df6f0b9ba2eee8606d5/data/BOM.csv,* 원본 검토값이며 발주 승인값 아님. 정격 확정 후 장착분과 동일 수량의 교체 예비 확보.,0,0
F03,퓨즈·홀더,기본,12V 컨버터 입력 퓨즈,1,1,개,1,F3,15A *,원본 수량,사양·조달 보류,,,,https://github.com/JTech-CO/Smart-Cart-Wiring/blob/3ac3f1d793caba6494d27df6f0b9ba2eee8606d5/data/BOM.csv,* 원본 검토값이며 발주 승인값 아님. 정격 확정 후 장착분과 동일 수량의 교체 예비 확보.,0,0
F04,퓨즈·홀더,기본,5V 컨버터 입력 퓨즈,1,1,개,1,F4,5A *,원본 수량,사양·조달 보류,,,,https://github.com/JTech-CO/Smart-Cart-Wiring/blob/3ac3f1d793caba6494d27df6f0b9ba2eee8606d5/data/BOM.csv,* 원본 검토값이며 발주 승인값 아님. 정격 확정 후 장착분과 동일 수량의 교체 예비 확보.,0,0
F05,퓨즈·홀더,조향옵션,12V 서보 출력 퓨즈,2,2,개,1,"F5,F6",10A * / 좌우 각 1,원본 수량,사양·조달 보류,,,,https://github.com/JTech-CO/Smart-Cart-Wiring/blob/3ac3f1d793caba6494d27df6f0b9ba2eee8606d5/data/BOM.csv,* 원본 검토값이며 발주 승인값 아님. 정격 확정 후 장착분과 동일 수량의 교체 예비 확보.,0,0
F06,퓨즈·홀더,기본,Orange Pi·허브 5V 분기 퓨즈,2,2,개,1,"F7,F8",4A * / 각 1,원본 수량,사양·조달 보류,,,,https://github.com/JTech-CO/Smart-Cart-Wiring/blob/3ac3f1d793caba6494d27df6f0b9ba2eee8606d5/data/BOM.csv,* 원본 검토값이며 발주 승인값 아님. 정격 확정 후 장착분과 동일 수량의 교체 예비 확보.,0,0
F07,퓨즈·홀더,기본,접촉기 코일 퓨즈,1,1,개,1,F9,1A *,원본 수량,사양·조달 보류,,,,https://github.com/JTech-CO/Smart-Cart-Wiring/blob/3ac3f1d793caba6494d27df6f0b9ba2eee8606d5/data/BOM.csv,* 원본 검토값이며 발주 승인값 아님. 정격 확정 후 장착분과 동일 수량의 교체 예비 확보.,0,0
F08,퓨즈·홀더,조향옵션,버퍼 5V 분기 퓨즈,1,1,개,1,F10,0.5A *,원본 수량,사양·조달 보류,,,,https://github.com/JTech-CO/Smart-Cart-Wiring/blob/3ac3f1d793caba6494d27df6f0b9ba2eee8606d5/data/BOM.csv,* 원본 검토값이며 발주 승인값 아님. 정격 확정 후 장착분과 동일 수량의 교체 예비 확보.,0,0
F09,퓨즈·홀더,기본,메인 퓨즈 홀더 + 절연 커버,1,0,개,1,,F01과 동일 형식; DC 전류·차단 조건,F0 장착 보완,사양·조달 보류,,,,https://github.com/JTech-CO/Smart-Cart-Wiring/blob/3ac3f1d793caba6494d27df6f0b9ba2eee8606d5/docs/ASSEMBLY-KR.md,홀더 일체형으로 구매할 때 퓨즈 동봉 수를 별도 확인.,0,0
F10,퓨즈·홀더,기본,24V 입력 분기 퓨즈 홀더,4,0,개,1,,F1~F4: 모터 2 + 컨버터 2,퓨즈 장착 수량 산출,사양·조달 보류,,,,https://github.com/JTech-CO/Smart-Cart-Wiring/blob/3ac3f1d793caba6494d27df6f0b9ba2eee8606d5/docs/ASSEMBLY-KR.md,전선/단자 허용전류를 각각 검증. 4회로 공통양극 구조는 K1 전/후 회로를 우회할 수 있어 금지.,0,0
F11,퓨즈·홀더,기본,5V 출력 분기 퓨즈 홀더,2,0,개,1,,F7/F8: Pi·허브 각 1,퓨즈 장착 수량 산출,사양·조달 보류,,,,https://github.com/JTech-CO/Smart-Cart-Wiring/blob/3ac3f1d793caba6494d27df6f0b9ba2eee8606d5/docs/ASSEMBLY-KR.md,5V 전압강하를 고려한 접점/전선 선정.,0,0
F12,퓨즈·홀더,기본,12V 코일 퓨즈 홀더,1,0,개,1,,F9 1A 후보 대응,퓨즈 장착 수량 산출,사양·조달 보류,,,,https://github.com/JTech-CO/Smart-Cart-Wiring/blob/3ac3f1d793caba6494d27df6f0b9ba2eee8606d5/docs/ASSEMBLY-KR.md,,0,0
F13,퓨즈·홀더,조향옵션,서보 퓨즈 홀더,2,0,개,1,,F5/F6 10A 후보 대응,퓨즈 장착 수량 산출,사양·조달 보류,,,,https://github.com/JTech-CO/Smart-Cart-Wiring/blob/3ac3f1d793caba6494d27df6f0b9ba2eee8606d5/docs/ASSEMBLY-KR.md,,0,0
F14,퓨즈·홀더,조향옵션,5V 버퍼 퓨즈 홀더,1,0,개,1,,F10 0.5A 후보 대응,퓨즈 장착 수량 산출,사양·조달 보류,,,,https://github.com/JTech-CO/Smart-Cart-Wiring/blob/3ac3f1d793caba6494d27df6f0b9ba2eee8606d5/docs/ASSEMBLY-KR.md,,0,0
D01,구동·조향,기본,브러시드 DC 감속모터,2,0,개,1,"ML,MR",24V 250W ×2; 감속비/RPM/축/스톨 확인,원본 수량,사양·조달 보류,,,,https://github.com/JTech-CO/Smart-Cart-Wiring/blob/3ac3f1d793caba6494d27df6f0b9ba2eee8606d5/data/BOM.csv,무감속 고속 모터와 혼동 금지. 좌우 기구/회전 방향 및 제동 방식 확정 필요.,0,0
D02,구동·조향,기본,모터 드라이버,2,0,개,1,"MDL,MDR",Pololu G2 SMC 24v19 #1367 조건부,원본 수량,사양·조달 보류,,,,https://github.com/JTech-CO/Smart-Cart-Wiring/blob/3ac3f1d793caba6494d27df6f0b9ba2eee8606d5/data/BOM.csv,국내 재고 미확인. 포함 단자대의 15~16A 안내와 분기25A 보호 불일치 검토. BTS7960 재사용 금지.,0,0
D03,구동·조향,조향옵션,고토크 조향 서보,2,0,개,1,"SVL,SVR",RDS51150 12V형; PWM/핀/피드백 확인,원본 수량,사양·조달 보류,,,,https://github.com/JTech-CO/Smart-Cart-Wiring/blob/3ac3f1d793caba6494d27df6f0b9ba2eee8606d5/data/BOM.csv,기본 차동구동+자유 캐스터와 다른 옵션. 조향 링크·끝점 확정 전 발주 보류.,0,0
D04,구동·조향,기본,독립 제동·주차 유지 장치,,0,세트,1,,차량 하중·경사·정지거리 기반 선정,안전 설계 미확정,사양·조달 보류,,,,https://github.com/JTech-CO/Smart-Cart-Wiring/blob/3ac3f1d793caba6494d27df6f0b9ba2eee8606d5/docs/ASSEMBLY-KR.md,"전원 차단만으로 정지 보장 안 됨. 방식과 장착 수 미정, 0개로 간주 금지.",0,0
D05,구동·조향,선택보완,휠/모터 엔코더,2,0,개,1,,드라이버/제어기/축 일치; 내장 여부 확인,제어 보완 제안,사양·조달 보류,,,,https://github.com/JTech-CO/Smart-Cart-Wiring/blob/3ac3f1d793caba6494d27df6f0b9ba2eee8606d5/docs/ASSEMBLY-KR.md,원본 실장 부품 아님. 폐루프 속도 제어 도입 시 검토; 모터 내장 엔코더 중복 구매 금지.,0,0
D06,구동·조향,조향옵션,서보 혼·출력 체결부,2,0,세트,1,,서보 스플라인/정격 토크 일치,조향 기구 보완,사양·조달 보류,,,,https://github.com/JTech-CO/Smart-Cart-Wiring/blob/3ac3f1d793caba6494d27df6f0b9ba2eee8606d5/docs/ASSEMBLY-KR.md,서보 기본 혼이 실제 조향 토크/축에 적합한지 확인.,0,0
D07,구동·조향,조향옵션,좌우 조향 링크·로드엔드·너클,,0,세트,1,,기구 도면·최대각·구속조건 확정,기구 설계 미확정,사양·조달 보류,,,,https://github.com/JTech-CO/Smart-Cart-Wiring/blob/3ac3f1d793caba6494d27df6f0b9ba2eee8606d5/docs/ASSEMBLY-KR.md,로드엔드/타이로드 개수를 임의로 정하지 않음.,0,0
B01,브레드보드·수동소자,기본,400접점 브레드보드,1,1,개,1,BB1,300 본체 + 100 전원 레일,원본 수량,국내출고 재확인,P05,900,https://www.jenomall.com/goods/goods_view.php?goodsNo=1000012080,https://github.com/JTech-CO/Smart-Cart-Wiring/blob/3ac3f1d793caba6494d27df6f0b9ba2eee8606d5/data/BOM.csv,1개 실장+예비1. ESP32는 외부 배치. 원본 84접점은 부품 84개가 아님.,0,0
B02,브레드보드·수동소자,기본,1kΩ 축형 저항,2,8,개,10,"R1,R2",0.25W / 5% / 리드형,원본 수량,국내출고 재확인,P09,330,https://eduino.kr/product/detail.html?product_no=349,https://github.com/JTech-CO/Smart-Cart-Wiring/blob/3ac3f1d793caba6494d27df6f0b9ba2eee8606d5/data/BOM.csv,10개 1봉 구매. UART TX 직렬 저항 2개; 나머지 8개 교체 예비.,0,0
B03,브레드보드·수동소자,조향옵션,220Ω 축형 저항,2,8,개,10,"R3,R4",0.25W / 5% / 리드형,원본 수량,옵션 확정 후 발주,P10,330,https://eduino.kr/product/detail.html?product_no=348,https://github.com/JTech-CO/Smart-Cart-Wiring/blob/3ac3f1d793caba6494d27df6f0b9ba2eee8606d5/data/BOM.csv,10개 1봉. 서보 버퍼 출력 직렬 저항.,0,0
B04,브레드보드·수동소자,조향옵션,10kΩ 축형 저항,2,8,개,10,"R5,R6",0.25W / 5% / 리드형,원본 수량,옵션 확정 후 발주,P11,330,https://eduino.kr/product/detail.html?product_no=588,https://github.com/JTech-CO/Smart-Cart-Wiring/blob/3ac3f1d793caba6494d27df6f0b9ba2eee8606d5/data/BOM.csv,10개 1봉. ESP32 조향 입력 풀다운.,0,0
B05,브레드보드·수동소자,조향옵션,4채널 비반전 버퍼 DIP-14,1,1,개,1,U2,TI SN74AHCT125N 정확한 접미사,원본 수량,사양·조달 보류,,,,https://github.com/JTech-CO/Smart-Cart-Wiring/blob/3ac3f1d793caba6494d27df6f0b9ba2eee8606d5/data/BOM.csv,HC/HCT/소형 SMD로 무검증 대체 금지. N=DIP; 5V 전원과 3.3V 입력 호환 검토.,0,0
B06,브레드보드·수동소자,조향옵션,100nF 세라믹 디커플링,1,9,개,1,C1,0.1uF / ≥16V / 관통형 리드,원본 수량,사양·조달 보류,,,,https://github.com/JTech-CO/Smart-Cart-Wiring/blob/3ac3f1d793caba6494d27df6f0b9ba2eee8606d5/data/BOM.csv,브레드보드용 리드 부품. 10개 확보 제안; 패키지·국내 재고 미확정.,0,0
B07,브레드보드·수동소자,준비재료,M-F 벤치 점퍼선,38,42,가닥,40,,,원본 외부 리드38 + 준비42,국내출고 재확인,P06,900,https://www.jenomall.com/goods/goods_view.php?goodsNo=1000012459,https://github.com/JTech-CO/Smart-Cart-Wiring/blob/3ac3f1d793caba6494d27df6f0b9ba2eee8606d5/docs/ASSEMBLY-KR.md,보수적으로 전체 B1 외부 리드 수만큼 준비. 40가닥×2=80. 20cm 카트 하네스 길이 보장 안 됨; 원본 단자 형태별 가공은 별도.,0,0
B08,브레드보드·수동소자,준비재료,M-M 벤치 점퍼선,9,31,가닥,40,,,원본 내부 점퍼9 + 준비31,국내출고 재확인,P07,1000,https://www.jenomall.com/goods/goods_view.php?goodsNo=1000012462,https://github.com/JTech-CO/Smart-Cart-Wiring/blob/3ac3f1d793caba6494d27df6f0b9ba2eee8606d5/docs/ASSEMBLY-KR.md,40가닥×1. 원본 9개 점퍼는 양 끝 18접점을 사용.,0,0
B09,브레드보드·수동소자,준비재료,F-F 서비스 점퍼선,0,40,가닥,40,,,예비 실험 재료; 원본 개수 아님,국내출고 재확인,P08,900,https://www.jenomall.com/goods/goods_view.php?goodsNo=1000012463,https://github.com/JTech-CO/Smart-Cart-Wiring/blob/3ac3f1d793caba6494d27df6f0b9ba2eee8606d5/docs/ASSEMBLY-KR.md,40가닥×1 선택 준비. 현장 모듈 핀 성별에 따라 교체 사용; 설치수량 40으로 보고하지 않음.,0,0
B10,브레드보드·수동소자,준비재료,2.54mm 수 헤더 스트립,2,1,줄,1,,1×40 직선; 절단 사용,소량 조립 여유 제안,사양·조달 보류,,,,https://github.com/JTech-CO/Smart-Cart-Wiring/blob/3ac3f1d793caba6494d27df6f0b9ba2eee8606d5/docs/ASSEMBLY-KR.md,"모듈에 동봉된 헤더는 차감. 스트립 1줄=40핀, 1개 부품=1핀으로 혼동 금지.",0,0
H01,케이블·접속,기본,USB 허브 upstream 케이블,1,1,개,1,,Orange Pi host → H1; 실제 플러그/길이,통신 링크1,동봉·규격 확인,,,,https://github.com/JTech-CO/Smart-Cart-Wiring/blob/3ac3f1d793caba6494d27df6f0b9ba2eee8606d5/docs/ASSEMBLY-KR.md,허브에 포함되면 필요1 동봉차감; 예비1은 선택. 일반 A-A 직결선으로 임의 대체 금지.,0,0
H02,케이블·접속,기본,ESP32 micro-B 데이터 케이블,1,1,개,1,,USB A → micro-B; 50cm 후보,U1 통신 링크1,국내출고·길이 확인,P13,1000,https://eduino.kr/product/detail.html?product_no=97,https://github.com/JTech-CO/Smart-Cart-Wiring/blob/3ac3f1d793caba6494d27df6f0b9ba2eee8606d5/docs/ASSEMBLY-KR.md,필요1+예비1=2. 배치가 50cm를 넘으면 길이 변경 필요.,0,0
H03,케이블·접속,기본,UWB 베이스 Type-C 데이터 케이블,2,1,개,1,,호스트 A → Type-C; 1m 후보,UWL/UWR 각각1,국내출고·단자 확인,P12,3300,https://eduino.kr/product/detail.html?product_no=10002,https://github.com/JTech-CO/Smart-Cart-Wiring/blob/3ac3f1d793caba6494d27df6f0b9ba2eee8606d5/docs/ASSEMBLY-KR.md,2+예비1=3. 호스트측 A 수단자와 데이터 전송을 확인. 베이스 키트 동봉 시 차감.,0,0
H04,케이블·접속,기본,C1 어댑터 USB 데이터 케이블,1,1,개,1,,H1 → A1; 실제 USB 플러그,A1 통신 링크1,동봉·규격 확인,,,,https://github.com/JTech-CO/Smart-Cart-Wiring/blob/3ac3f1d793caba6494d27df6f0b9ba2eee8606d5/docs/ASSEMBLY-KR.md,C1 키트 동봉 시 차감. 어댑터가 고정 USB플러그면 연장 필요 여부에 따라 수량 조정.,0,0
H05,케이블·접속,기본,C1 센서 전용 하네스,1,0,개,1,,LD1 ↔ A1; 정품 대응 피치/핀수,A1-LD1 링크1,동봉·규격 확인,,,,https://github.com/JTech-CO/Smart-Cart-Wiring/blob/3ac3f1d793caba6494d27df6f0b9ba2eee8606d5/docs/ASSEMBLY-KR.md,정품 키트 동봉 여부 확인. 임의 JST-XH로 대체 금지.,0,0
H06,케이블·접속,기본,Orange Pi 전원용 Type-C 하네스,1,0,개,1,,F7 5V → SBC; ≥3A와 CC구성 검증,OP1 급전 링크1,사양·조달 보류,,,,https://github.com/JTech-CO/Smart-Cart-Wiring/blob/3ac3f1d793caba6494d27df6f0b9ba2eee8606d5/docs/ASSEMBLY-KR.md,임의 USB 데이터 케이블을 잘라 급전하는 설계로 승인하지 않음. 전압강하 검증.,0,0
H07,케이블·접속,기본,USB 허브 외부 5V 전원 하네스,1,0,개,1,,F8 → H1; 배럴/전용커넥터와 극성,H1 급전 링크1,사양·조달 보류,,,,https://github.com/JTech-CO/Smart-Cart-Wiring/blob/3ac3f1d793caba6494d27df6f0b9ba2eee8606d5/docs/ASSEMBLY-KR.md,허브 번들 AC 어댑터와 차량 DC입력 경로를 구분.,0,0
H08,케이블·접속,기본,태그 전원 케이블,1,0,개,1,,TAG1 ↔ 독립 전원; 실제 커넥터,태그 독립 급전 링크1,사양·조달 보류,,,,https://github.com/JTech-CO/Smart-Cart-Wiring/blob/3ac3f1d793caba6494d27df6f0b9ba2eee8606d5/docs/ASSEMBLY-KR.md,태그가 내장배터리면 충전선만 필요. 카트 배터리로 유선 연결하지 않음.,0,0
H09,케이블·접속,기본,배터리 메인 양극 케이블,,0,m,1,,전류·길이·온도·퓨즈 협조로 AWG/SQ 결정,실측 필요,사양·조달 보류,,,,https://github.com/JTech-CO/Smart-Cart-Wiring/blob/3ac3f1d793caba6494d27df6f0b9ba2eee8606d5/docs/ASSEMBLY-KR.md,BT1→F0→S0→X24. 길이 미정; AWG12 등 고정값을 구매 승인하지 않음.,0,0
H10,케이블·접속,기본,배터리·구동 음극 케이블,,0,m,1,,양극과 동등 귀환 조건; 검정,실측 필요,사양·조달 보류,,,,https://github.com/JTech-CO/Smart-Cart-Wiring/blob/3ac3f1d793caba6494d27df6f0b9ba2eee8606d5/docs/ASSEMBLY-KR.md,BT1→X0 및 분기. 메인 전력 귀환을 점퍼선으로 연결 금지.,0,0
H11,케이블·접속,기본,모터 전력 하네스,2,0,세트,1,,각 드라이버 입력 2선 + 모터 출력 2선,모터2축의 하네스2세트,사양·조달 보류,,,,https://github.com/JTech-CO/Smart-Cart-Wiring/blob/3ac3f1d793caba6494d27df6f0b9ba2eee8606d5/docs/ASSEMBLY-KR.md,총8도체 구간이지만 m 수량은 미정. 세트당 길이·단자·방열을 별도 확정.,0,0
H12,케이블·접속,기본,DC-DC 및 5V/12V 전력 배선,,0,m,1,,컨버터·부하별 단면/색상 분리,실측 필요,사양·조달 보류,,,,https://github.com/JTech-CO/Smart-Cart-Wiring/blob/3ac3f1d793caba6494d27df6f0b9ba2eee8606d5/docs/ASSEMBLY-KR.md,12V/5V 양극을 같은 색만으로 식별하지 말고 전압 라벨 병기.,0,0
H13,케이블·접속,기본,신호용 다심 하네스,,0,m,1,,센서/드라이버별 도체 수·차폐·길이,실측 필요,사양·조달 보류,,,,https://github.com/JTech-CO/Smart-Cart-Wiring/blob/3ac3f1d793caba6494d27df6f0b9ba2eee8606d5/docs/ASSEMBLY-KR.md,B07의 20cm 점퍼 구매량과 차량 하네스 m를 혼동하지 않음.,0,0
H14,케이블·접속,기본,고전류 착탈 커넥터,,0,쌍,1,,정격·극성·축전 에너지·방수 조건,접속부 미확정,사양·조달 보류,,,,https://github.com/JTech-CO/Smart-Cart-Wiring/blob/3ac3f1d793caba6494d27df6f0b9ba2eee8606d5/docs/ASSEMBLY-KR.md,암/수 결합1쌍 기준. XT60/XT90 등을 실제 분기전류와 무관하게 일괄 지정하지 않음.,0,0
H15,케이블·접속,기본,링 압착 단자,,0,개,1,,케이블 단면 + 스터드 지름 일치,단자 확정 후 산출,사양·조달 보류,,,,https://github.com/JTech-CO/Smart-Cart-Wiring/blob/3ac3f1d793caba6494d27df6f0b9ba2eee8606d5/docs/ASSEMBLY-KR.md,M8 표기를 배터리 실측 없이 적용하지 않음. 한 케이블 양끝 중 링 단자 끝만 계수.,0,0
H16,케이블·접속,기본,페룰·핀 단자,,0,개,1,,단자대 허용 페룰 및 도체 단면,단자 확정 후 산출,사양·조달 보류,,,,https://github.com/JTech-CO/Smart-Cart-Wiring/blob/3ac3f1d793caba6494d27df6f0b9ba2eee8606d5/docs/ASSEMBLY-KR.md,링 단자와 같은 접속점을 중복 계수하지 않음.,0,0
H17,케이블·접속,기본,센서 잠금형 커넥터·접점,,0,세트,1,,암/수하우징·압착접점·실링 모두 포함,주행용 하네스 보완,사양·조달 보류,,,,https://github.com/JTech-CO/Smart-Cart-Wiring/blob/3ac3f1d793caba6494d27df6f0b9ba2eee8606d5/docs/ASSEMBLY-KR.md,브레드보드 벤치 검증 후 이전할 최종 하네스. 피치·접점수·도체 굵기별 수량 확정 필요.,0,0
H18,케이블·접속,기본,배터리 충전 포트·상대 플러그,1,0,쌍,1,,제조사 승인 충전 경로/BMS 조건,누락 보완,사양·조달 보류,,,,https://github.com/JTech-CO/Smart-Cart-Wiring/blob/3ac3f1d793caba6494d27df6f0b9ba2eee8606d5/docs/ASSEMBLY-KR.md,배터리 팩에 일체형이면 동봉차감. 충전퓨즈 E15와 경로 확인.,0,0
H19,케이블·접속,조향옵션,좌/우 서보 전력·신호 하네스,2,0,세트,1,,12V 고전류2선 + PWM/GND기준; 필요시 피드백,서보2개의 연결2세트,사양·조달 보류,,,,https://github.com/JTech-CO/Smart-Cart-Wiring/blob/3ac3f1d793caba6494d27df6f0b9ba2eee8606d5/docs/ASSEMBLY-KR.md,Dupont/JST 소형점퍼에 서보 스톨전류를 흘리지 않음. 선 색/가닥수 실모델 확인.,0,0
M01,소모품·절연,준비재료,케이블 타이,60,40,개,100,,폭/길이/난연성·내후성 결정,작업 준비량 제안,사양·조달 보류,,,,https://github.com/JTech-CO/Smart-Cart-Wiring/blob/3ac3f1d793caba6494d27df6f0b9ba2eee8606d5/docs/ASSEMBLY-KR.md,실장60은 견적용 준비 기준이지 CAD 산출 아님. 100개 확보 계획; 국내 판매팩 미확정.,0,0
M02,소모품·절연,준비재료,열수축 튜브 묶음,1,0,세트,1,,소선/전력선 지름; 접착식 필요 여부,작업 준비량 제안,사양·조달 보류,,,,https://github.com/JTech-CO/Smart-Cart-Wiring/blob/3ac3f1d793caba6494d27df6f0b9ba2eee8606d5/docs/ASSEMBLY-KR.md,정확한 절단 길이와 지름별 수량은 H09~H19 확정 후 산출.,0,0
M03,소모품·절연,준비재료,센서선 스파이럴 랩,4,2,m,2,,,작업 준비4m+가공여유2m,번들치수·출고 확인,P14,3300,https://eduino.kr/product/detail.html?product_no=5881,https://github.com/JTech-CO/Smart-Cart-Wiring/blob/3ac3f1d793caba6494d27df6f0b9ba2eee8606d5/docs/ASSEMBLY-KR.md,2m×3팩=6m. 전력선의 굵은 묶음에는 규격 재선정.,0,0
M04,소모품·절연,준비재료,내구성 케이블 라벨,1,0,세트,1,,전압/극성/양끝단자 ID,작업 준비량 제안,사양·조달 보류,,,,https://github.com/JTech-CO/Smart-Cart-Wiring/blob/3ac3f1d793caba6494d27df6f0b9ba2eee8606d5/docs/ASSEMBLY-KR.md,전기 단자194개와 라벨장수194개는 동일하지 않음. 하네스 끝 수 기준 후속 산출.,0,0
M05,소모품·절연,기본,케이블 글랜드·고무 그로밋,,0,개,1,,박스 관통홀·케이블 외경·IP조건,실측 필요,사양·조달 보류,,,,https://github.com/JTech-CO/Smart-Cart-Wiring/blob/3ac3f1d793caba6494d27df6f0b9ba2eee8606d5/docs/ASSEMBLY-KR.md,최종 박스 입출구 수가 없으므로 수량 확정 불가.,0,0
M06,소모품·절연,기본,케이블 고정 클램프·P클립,,0,개,1,,프레임 장착방법/케이블 외경,실측 필요,사양·조달 보류,,,,https://github.com/JTech-CO/Smart-Cart-Wiring/blob/3ac3f1d793caba6494d27df6f0b9ba2eee8606d5/docs/ASSEMBLY-KR.md,최대 지지 간격·이동 관절을 고려한 배치 후 계수.,0,0
M07,소모품·절연,준비재료,전기 절연 테이프,1,1,롤,1,,전기용 정격 제품,작업 준비량 제안,사양·조달 보류,,,,https://github.com/JTech-CO/Smart-Cart-Wiring/blob/3ac3f1d793caba6494d27df6f0b9ba2eee8606d5/docs/ASSEMBLY-KR.md,압착 불량/단자 보호 커버 부재를 테이프로 대신하지 않음.,0,0
M08,소모품·절연,준비재료,납·플럭스·세척 재료,1,0,세트,1,,헤더 조립/벤치 작업용,작업 준비량 제안,사양·조달 보류,,,,https://github.com/JTech-CO/Smart-Cart-Wiring/blob/3ac3f1d793caba6494d27df6f0b9ba2eee8606d5/docs/ASSEMBLY-KR.md,장비/재료 보유 시 차감. 대전류 러그는 적절한 압착 공구 사용.,0,0
G01,기구·장착,기본,평판대차 기본 프레임·적재판,1,0,식,1,,하중·치수·무게중심 확정,3D 조립체 개수 / 치수 미확정,사양·조달 보류,,,,https://github.com/JTech-CO/Smart-Cart/blob/2b4b8fea6909e4f76b4a52b02c5075c3f478097b/js/cart-model.js,기존 대차 사용 여부를 보유 수량에 입력. 가드/손잡이/캐스터 동봉 확인.,0,0
G02,기구·장착,기본,삼면 가드 프레임,1,0,식,1,,튜브 단면·재료·용접/브래킷 방식,3D 조립체 개수 / 치수 미확정,사양·조달 보류,,,,https://github.com/JTech-CO/Smart-Cart/blob/2b4b8fea6909e4f76b4a52b02c5075c3f478097b/js/cart-model.js,3D는 시각화 치수. 파이프 절단 길이와 체결부 수는 별도 실측 필요.,0,0
G03,기구·장착,기본,접이식 손잡이,1,0,개,1,,파지 높이·잠금·힌지 지지,3D 조립체 개수 / 치수 미확정,사양·조달 보류,,,,https://github.com/JTech-CO/Smart-Cart/blob/2b4b8fea6909e4f76b4a52b02c5075c3f478097b/js/cart-model.js,G01에 포함 시 차감.,0,0
G04,기구·장착,기본,손잡이 힌지·잠금부,2,0,세트,1,,좌/우 각1; 기구 강도,3D 조립체 개수 / 치수 미확정,사양·조달 보류,,,,https://github.com/JTech-CO/Smart-Cart/blob/2b4b8fea6909e4f76b4a52b02c5075c3f478097b/js/cart-model.js,G03 세트에 포함될 경우 중복 발주 금지.,0,0
G05,기구·장착,기본,손잡이 그립,1,0,개,1,,손잡이 관경·길이,3D 조립체 개수 / 치수 미확정,사양·조달 보류,,,,https://github.com/JTech-CO/Smart-Cart/blob/2b4b8fea6909e4f76b4a52b02c5075c3f478097b/js/cart-model.js,G03에 포함 시 차감.,0,0
G06,기구·장착,기본,미끄럼방지 적재 매트,1,0,장,1,,실제 적재판 외형,3D 조립체 개수 / 치수 미확정,사양·조달 보류,,,,https://github.com/JTech-CO/Smart-Cart/blob/2b4b8fea6909e4f76b4a52b02c5075c3f478097b/js/cart-model.js,기성 대차 표면에 이미 적용되어 있으면 차감.,0,0
G07,기구·장착,기본,후륜 구동 휠,2,0,개,1,,외경·폭·허브·허용하중,3D 조립체 개수 / 치수 미확정,사양·조달 보류,,,,https://github.com/JTech-CO/Smart-Cart/blob/2b4b8fea6909e4f76b4a52b02c5075c3f478097b/js/cart-model.js,외관 직경 추정치를 실측값처럼 발주하지 않음.,0,0
G08,기구·장착,기본,전륜 자유회전 캐스터,2,0,개,1,,회전반경·플레이트·하중,3D 조립체 개수 / 치수 미확정,사양·조달 보류,,,,https://github.com/JTech-CO/Smart-Cart/blob/2b4b8fea6909e4f76b4a52b02c5075c3f478097b/js/cart-model.js,기본 차동구동용. G01 포함이면 차감; 서보조향 채택 시 기구 재설계.,0,0
G09,기구·장착,기본,모터 출력 허브·커플링,2,0,세트,1,,축경/키/체결/토크 일치,3D 조립체 개수 / 치수 미확정,사양·조달 보류,,,,https://github.com/JTech-CO/Smart-Cart/blob/2b4b8fea6909e4f76b4a52b02c5075c3f478097b/js/cart-model.js,기어모터와 구동 휠을 잇는 좌/우2세트.,0,0
G10,기구·장착,기본,모터 장착 브래킷,2,0,개,1,,모터 체결홀·차체 지지,3D 조립체 개수 / 치수 미확정,사양·조달 보류,,,,https://github.com/JTech-CO/Smart-Cart/blob/2b4b8fea6909e4f76b4a52b02c5075c3f478097b/js/cart-model.js,절곡/가공 도면 및 볼트 부품표 별도.,0,0
G11,기구·장착,기본,구동 휠 펜더,2,0,개,1,,타이어 간섭·손 끼임 방지,3D 조립체 개수 / 치수 미확정,사양·조달 보류,,,,https://github.com/JTech-CO/Smart-Cart/blob/2b4b8fea6909e4f76b4a52b02c5075c3f478097b/js/cart-model.js,시각화 모델 2개. 최종 형상/강성은 미확정.,0,0
G12,기구·장착,기본,배터리 보호 박스,1,0,개,1,,실제 E01 외형·통기·절연,3D 조립체 개수 / 치수 미확정,사양·조달 보류,,,,https://github.com/JTech-CO/Smart-Cart/blob/2b4b8fea6909e4f76b4a52b02c5075c3f478097b/js/cart-model.js,108Ah 팩이 기존 3D 박스에 들어간다고 가정하지 않음.,0,0
G13,기구·장착,기본,배터리 박스 뚜껑,1,0,개,1,,G12 전용,3D 조립체 개수 / 치수 미확정,사양·조달 보류,,,,https://github.com/JTech-CO/Smart-Cart/blob/2b4b8fea6909e4f76b4a52b02c5075c3f478097b/js/cart-model.js,G12 일체형 제품이면 차감.,0,0
G14,기구·장착,기본,배터리 고정 스트랩,2,0,개,1,,관성하중·장력·내마모,3D 조립체 개수 / 치수 미확정,사양·조달 보류,,,,https://github.com/JTech-CO/Smart-Cart/blob/2b4b8fea6909e4f76b4a52b02c5075c3f478097b/js/cart-model.js,3D 양쪽 스트랩2개. 적합 강도와 박스 체결 검증 필요.,0,0
G15,기구·장착,기본,전장 트레이/함체,1,0,개,1,,PCB·단자대 공간·통풍·서비스 간격,3D 조립체 개수 / 치수 미확정,사양·조달 보류,,,,https://github.com/JTech-CO/Smart-Cart/blob/2b4b8fea6909e4f76b4a52b02c5075c3f478097b/js/cart-model.js,기구 결합 시 판두께와 장착홀 실측.,0,0
G16,기구·장착,기본,전장 보호 커버,1,0,개,1,,G15 대응; 전력단자 접근 방지,3D 조립체 개수 / 치수 미확정,사양·조달 보류,,,,https://github.com/JTech-CO/Smart-Cart/blob/2b4b8fea6909e4f76b4a52b02c5075c3f478097b/js/cart-model.js,G15 완제품에 포함되면 차감.,0,0
G17,기구·장착,기본,LiDAR 장착 브래킷,1,0,개,1,,C1 스캔면과 차체 가림 최소화,3D 조립체 개수 / 치수 미확정,사양·조달 보류,,,,https://github.com/JTech-CO/Smart-Cart/blob/2b4b8fea6909e4f76b4a52b02c5075c3f478097b/js/cart-model.js,제조사 실제 체결홀로 도면 작성.,0,0
G18,기구·장착,기본,UWB 보호 하우징,2,0,개,1,,좌/우 베이스; RF 비차폐 위치,3D 조립체 개수 / 치수 미확정,사양·조달 보류,,,,https://github.com/JTech-CO/Smart-Cart/blob/2b4b8fea6909e4f76b4a52b02c5075c3f478097b/js/cart-model.js,금속 차폐/안테나 가림 피하고 실제 보드 외형 확인.,0,0
G19,기구·장착,기본,UWB 차체 장착 브래킷,2,0,개,1,,좌/우 기준 간격 고정,3D 조립체 개수 / 치수 미확정,사양·조달 보류,,,,https://github.com/JTech-CO/Smart-Cart/blob/2b4b8fea6909e4f76b4a52b02c5075c3f478097b/js/cart-model.js,하우징 일체형 장착부면 차감.,0,0
G20,기구·장착,기본,ToF 보호 하우징·마운트,2,0,세트,1,,하향 좌/우 시야·바닥간격,3D 조립체 개수 / 치수 미확정,사양·조달 보류,,,,https://github.com/JTech-CO/Smart-Cart/blob/2b4b8fea6909e4f76b4a52b02c5075c3f478097b/js/cart-model.js,3D 개수2로 통합. 광학창/커버 적용 시 센서 교정 검토.,0,0
G21,기구·장착,기본,IMU 고정 브래킷,1,0,개,1,,차체 기준축에 강성 고정,3D 조립체 개수 / 치수 미확정,사양·조달 보류,,,,https://github.com/JTech-CO/Smart-Cart/blob/2b4b8fea6909e4f76b4a52b02c5075c3f478097b/js/cart-model.js,가동 손잡이나 유연한 케이블에 고정하지 않음.,0,0
G22,기구·장착,기본,사용자 태그 케이스·스트랩,1,0,세트,1,,휴대·낙하보호·안테나,3D 조립체 개수 / 치수 미확정,사양·조달 보류,,,,https://github.com/JTech-CO/Smart-Cart/blob/2b4b8fea6909e4f76b4a52b02c5075c3f478097b/js/cart-model.js,태그 키트에 포함 시 차감.,0,0
G23,기구·장착,기본,비상정지·재무장 조작함,1,0,개,1,,S1/S2 접근·방수·배선 인출,3D 조립체 개수 / 치수 미확정,사양·조달 보류,,,,https://github.com/JTech-CO/Smart-Cart/blob/2b4b8fea6909e4f76b4a52b02c5075c3f478097b/js/cart-model.js,버튼과 박스 홀 지름 일치.,0,0
G24,기구·장착,기본,전면 범퍼,1,0,개,1,,차체 충격 완화·센서 가림 없음,3D 조립체 개수 / 치수 미확정,사양·조달 보류,,,,https://github.com/JTech-CO/Smart-Cart/blob/2b4b8fea6909e4f76b4a52b02c5075c3f478097b/js/cart-model.js,3D 표현 참조; 접촉식 안전장치와 동일하지 않음.,0,0
G25,기구·장착,기본,볼트·너트·와셔·스페이서,,0,개,1,,체결홀/부재두께/강도등급별 분할 산출,실물 체결표 필요,사양·조달 보류,,,,https://github.com/JTech-CO/Smart-Cart/blob/2b4b8fea6909e4f76b4a52b02c5075c3f478097b/js/cart-model.js,시각화용 반복 볼트 메시를 구매 수량으로 세지 않음. 부품별 M2.5/M3/M6/M8 등 규격도 미확정.,0,0
G26,기구·장착,기본,프레임 코너·용접/절곡 재료,,0,식,1,,기성대차 개조 방식에 따른 도면,가공 도면 필요,사양·조달 보류,,,,https://github.com/JTech-CO/Smart-Cart/blob/2b4b8fea6909e4f76b4a52b02c5075c3f478097b/js/cart-model.js,G01/G02 완제품 가공 견적에 포함되면 별도 자재 발주하지 않음.,0,0
T01,공구·시험,공구,SD 카드 리더,1,0,개,1,,microSD 대응,벤치 도구,국내출고 재확인,P16,990,https://eduino.kr/product/detail.html?product_no=9423,https://github.com/JTech-CO/Smart-Cart-Wiring/blob/3ac3f1d793caba6494d27df6f0b9ba2eee8606d5/docs/ASSEMBLY-KR.md,메모리카드는 C12에 별도. 보유 공구이면 신규 구매0.,0,0
T02,공구·시험,공구,전류 제한 DC 실험실 전원,1,0,세트,1,,회로별 필요한 전압/전류; 초기 모듈 시험용,벤치 시험 도구,사양·조달 보류,,,,https://github.com/JTech-CO/Smart-Cart-Wiring/blob/3ac3f1d793caba6494d27df6f0b9ba2eee8606d5/docs/ASSEMBLY-KR.md,기존 실험실 장비 우선 사용. 카트 실장 부품으로 합산하지 않음.,0,0
T03,공구·시험,공구,디지털 멀티미터,1,0,세트,1,,DC전압·도통; 퓨즈 보호 입력,벤치 시험 도구,사양·조달 보류,,,,https://github.com/JTech-CO/Smart-Cart-Wiring/blob/3ac3f1d793caba6494d27df6f0b9ba2eee8606d5/docs/ASSEMBLY-KR.md,기존 실험실 장비 우선 사용. 카트 실장 부품으로 합산하지 않음.,0,0
T04,공구·시험,공구,DC 전류 클램프,1,0,세트,1,,기동전류 측정 범위/대역폭,벤치 시험 도구,사양·조달 보류,,,,https://github.com/JTech-CO/Smart-Cart-Wiring/blob/3ac3f1d793caba6494d27df6f0b9ba2eee8606d5/docs/ASSEMBLY-KR.md,기존 실험실 장비 우선 사용. 카트 실장 부품으로 합산하지 않음.,0,0
T05,공구·시험,공구,압착 공구·스트리퍼,1,0,세트,1,,선정 러그·페룰·접점에 맞는 다이,벤치 시험 도구,사양·조달 보류,,,,https://github.com/JTech-CO/Smart-Cart-Wiring/blob/3ac3f1d793caba6494d27df6f0b9ba2eee8606d5/docs/ASSEMBLY-KR.md,기존 실험실 장비 우선 사용. 카트 실장 부품으로 합산하지 않음.,0,0
T06,공구·시험,공구,인두·납땜 안전 거치대,1,0,세트,1,,헤더 조립 및 환기,벤치 시험 도구,사양·조달 보류,,,,https://github.com/JTech-CO/Smart-Cart-Wiring/blob/3ac3f1d793caba6494d27df6f0b9ba2eee8606d5/docs/ASSEMBLY-KR.md,기존 실험실 장비 우선 사용. 카트 실장 부품으로 합산하지 않음.,0,0
T07,공구·시험,공구,오실로스코프·차동 측정 구성,1,0,세트,1,,H브리지 접지단락 방지; 적합 정격,벤치 시험 도구,사양·조달 보류,,,,https://github.com/JTech-CO/Smart-Cart-Wiring/blob/3ac3f1d793caba6494d27df6f0b9ba2eee8606d5/docs/ASSEMBLY-KR.md,기존 실험실 장비 우선 사용. 카트 실장 부품으로 합산하지 않음.,0,0
T08,공구·시험,공구,22AWG 벤치 배선 여분,3,0,m,1,,빨강/검정/기타 각1m 선택,벤치 재료 제안,국내출고·옵션 확인,P15,1100,https://eduino.kr/product/detail.html?product_no=257,https://github.com/JTech-CO/Smart-Cart-Wiring/blob/3ac3f1d793caba6494d27df6f0b9ba2eee8606d5/docs/ASSEMBLY-KR.md,3m는 같은 색 3m가 아니라 색상별1m 계획. 전력배선/주행용 연선 대체 아님.,0,0
